,acousticness,analysis_url,danceability,duration_ms,energy,id,instrumentalness,key,liveness,loudness,mode,speechiness,tempo,time_signature,track_href,type,uri,valence,Popularity
0,0.568,https://api.spotify.com/v1/audio-analysis/6FRLCMO5TUHTexlWo8ym1W,0.851,235545,0.541,6FRLCMO5TUHTexlWo8ym1W,0.0,0,0.13,-6.825,1,0.0505,124.959,4,https://api.spotify.com/v1/tracks/6FRLCMO5TUHTexlWo8ym1W,audio_features,spotify:track:6FRLCMO5TUHTexlWo8ym1W,0.448,94
1,0.349,https://api.spotify.com/v1/audio-analysis/0s3nnoMeVWz3989MkNQiRf,0.511,239836,0.566,0s3nnoMeVWz3989MkNQiRf,0.0,6,0.34,-7.23,0,0.2,83.903,4,https://api.spotify.com/v1/tracks/0s3nnoMeVWz3989MkNQiRf,audio_features,spotify:track:0s3nnoMeVWz3989MkNQiRf,0.218,97
2,0.354,https://api.spotify.com/v1/audio-analysis/7dt6x5M1jzdTEt8oCbisTK,0.68,231267,0.563,7dt6x5M1jzdTEt8oCbisTK,0.0,10,0.136,-5.843,1,0.0454,145.028,4,https://api.spotify.com/v1/tracks/7dt6x5M1jzdTEt8oCbisTK,audio_features,spotify:track:7dt6x5M1jzdTEt8oCbisTK,0.374,95
3,0.0589,https://api.spotify.com/v1/audio-analysis/2G7V7zsVDxg1yRsu7Ew9RJ,0.835,217925,0.626,2G7V7zsVDxg1yRsu7Ew9RJ,6e-05,1,0.396,-5.833,1,0.125,91.03,4,https://api.spotify.com/v1/tracks/2G7V7zsVDxg1yRsu7Ew9RJ,audio_features,spotify:track:2G7V7zsVDxg1yRsu7Ew9RJ,0.35,100
4,0.0989,https://api.spotify.com/v1/audio-analysis/1jo3TwNGCXfNdB5uba3ZVv,0.892,253580,0.651,1jo3TwNGCXfNdB5uba3ZVv,0.0,0,0.371,-8.645,0,0.378,105.814,4,https://api.spotify.com/v1/tracks/1jo3TwNGCXfNdB5uba3ZVv,audio_features,spotify:track:1jo3TwNGCXfNdB5uba3ZVv,0.599,88
5,0.00513,https://api.spotify.com/v1/audio-analysis/2xLMifQCjDGFmkHkpNLD9h,0.834,312820,0.73,2xLMifQCjDGFmkHkpNLD9h,0.0,8,0.124,-3.714,1,0.222,155.008,4,https://api.spotify.com/v1/tracks/2xLMifQCjDGFmkHkpNLD9h,audio_features,spotify:track:2xLMifQCjDGFmkHkpNLD9h,0.446,97
6,0.099,https://api.spotify.com/v1/audio-analysis/58q2HKrzhC3ozto2nDdN4z,0.816,253390,0.726,58q2HKrzhC3ozto2nDdN4z,0.0,5,0.372,-3.998,0,0.129,136.048,4,https://api.spotify.com/v1/tracks/58q2HKrzhC3ozto2nDdN4z,audio_features,spotify:track:58q2HKrzhC3ozto2nDdN4z,0.65,96
7,0.088,https://api.spotify.com/v1/audio-analysis/2E124GmJRnBJuXbTb4cPUB,0.931,179405,0.387,2E124GmJRnBJuXbTb4cPUB,0.0,1,0.136,-9.127,1,0.412,125.978,4,https://api.spotify.com/v1/tracks/2E124GmJRnBJuXbTb4cPUB,audio_features,spotify:track:2E124GmJRnBJuXbTb4cPUB,0.376,97
8,0.0114,https://api.spotify.com/v1/audio-analysis/4S8d14HvHb70ImctNgVzQQ,0.901,127947,0.522,4S8d14HvHb70ImctNgVzQQ,0.0,2,0.259,-8.304,1,0.33,104.053,4,https://api.spotify.com/v1/tracks/4S8d14HvHb70ImctNgVzQQ,audio_features,spotify:track:4S8d14HvHb70ImctNgVzQQ,0.329,98
9,0.0169,https://api.spotify.com/v1/audio-analysis/55S2PQgSMYAhgoTCcGCDfw,0.596,203418,0.854,55S2PQgSMYAhgoTCcGCDfw,0.0,7,0.124,-5.114,0,0.463,120.274,4,https://api.spotify.com/v1/tracks/55S2PQgSMYAhgoTCcGCDfw,audio_features,spotify:track:55S2PQgSMYAhgoTCcGCDfw,0.152,90
10,0.0236,https://api.spotify.com/v1/audio-analysis/5IaHrVsrferBYDm0bDyABy,0.884,232959,0.559,5IaHrVsrferBYDm0bDyABy,0.0,0,0.101,-7.442,1,0.12,97.994,4,https://api.spotify.com/v1/tracks/5IaHrVsrferBYDm0bDyABy,audio_features,spotify:track:5IaHrVsrferBYDm0bDyABy,0.342,96
11,0.0956,https://api.spotify.com/v1/audio-analysis/45Egmo7icyopuzJN0oMEdk,0.708,201707,0.648,45Egmo7icyopuzJN0oMEdk,0.0,6,0.134,-5.626,1,0.0449,143.955,4,https://api.spotify.com/v1/tracks/45Egmo7icyopuzJN0oMEdk,audio_features,spotify:track:45Egmo7icyopuzJN0oMEdk,0.338,89
12,0.0175,https://api.spotify.com/v1/audio-analysis/0Dn40gxVCMo5TkgS8Ik18Q,0.669,196400,0.574,0Dn40gxVCMo5TkgS8Ik18Q,0.00294,4,0.146,-6.442,0,0.0286,120.013,4,https://api.spotify.com/v1/tracks/0Dn40gxVCMo5TkgS8Ik18Q,audio_features,spotify:track:0Dn40gxVCMo5TkgS8Ik18Q,0.273,95
13,0.216,https://api.spotify.com/v1/audio-analysis/4zIO3ilp5HvTeK3HJHxhMP,0.448,189467,0.612,4zIO3ilp5HvTeK3HJHxhMP,0.0,2,0.08,-6.106,1,0.0708,97.773,4,https://api.spotify.com/v1/tracks/4zIO3ilp5HvTeK3HJHxhMP,audio_features,spotify:track:4zIO3ilp5HvTeK3HJHxhMP,0.213,94
14,0.191,https://api.spotify.com/v1/audio-analysis/2dpaYNEQHiRxtZbfNsse99,0.687,214290,0.792,2dpaYNEQHiRxtZbfNsse99,0.0,5,0.167,-2.749,1,0.0452,100.015,4,https://api.spotify.com/v1/tracks/2dpaYNEQHiRxtZbfNsse99,audio_features,spotify:track:2dpaYNEQHiRxtZbfNsse99,0.671,97
15,0.0164,https://api.spotify.com/v1/audio-analysis/0TlLq3lA83rQOYtrqBqSct,0.912,238614,0.412,0TlLq3lA83rQOYtrqBqSct,0.013,7,0.104,-8.074,1,0.124,154.983,4,https://api.spotify.com/v1/tracks/0TlLq3lA83rQOYtrqBqSct,audio_features,spotify:track:0TlLq3lA83rQOYtrqBqSct,0.422,94
16,0.0733,https://api.spotify.com/v1/audio-analysis/5WvAo7DNuPRmk4APhdPzi8,0.552,260000,0.76,5WvAo7DNuPRmk4APhdPzi8,0.0,0,0.0865,-4.706,1,0.342,135.702,5,https://api.spotify.com/v1/tracks/5WvAo7DNuPRmk4APhdPzi8,audio_features,spotify:track:5WvAo7DNuPRmk4APhdPzi8,0.639,96
17,0.214,https://api.spotify.com/v1/audio-analysis/7noud145AHZGg74vpWOsCa,0.717,217118,0.605,7noud145AHZGg74vpWOsCa,0.0,11,0.138,-5.68,0,0.075,81.047,4,https://api.spotify.com/v1/tracks/7noud145AHZGg74vpWOsCa,audio_features,spotify:track:7noud145AHZGg74vpWOsCa,0.387,86
18,0.0945,https://api.spotify.com/v1/audio-analysis/4hQ6UGyWQIGJmHSo0J88JW,0.601,207905,0.724,4hQ6UGyWQIGJmHSo0J88JW,1.68e-06,6,0.12,-4.856,1,0.0486,102.061,4,https://api.spotify.com/v1/tracks/4hQ6UGyWQIGJmHSo0J88JW,audio_features,spotify:track:4hQ6UGyWQIGJmHSo0J88JW,0.508,88
19,0.0233,https://api.spotify.com/v1/audio-analysis/5OCJzvD7sykQEKHH7qAC3C,0.602,197547,0.658,5OCJzvD7sykQEKHH7qAC3C,6e-05,1,0.237,-5.934,1,0.0558,145.031,4,https://api.spotify.com/v1/tracks/5OCJzvD7sykQEKHH7qAC3C,audio_features,spotify:track:5OCJzvD7sykQEKHH7qAC3C,0.268,94
20,0.4,https://api.spotify.com/v1/audio-analysis/4E3qImtJzRqLt8ZZyLceOE,0.746,249751,0.644,4E3qImtJzRqLt8ZZyLceOE,0.0,7,0.095,-2.605,1,0.232,146.178,4,https://api.spotify.com/v1/tracks/4E3qImtJzRqLt8ZZyLceOE,audio_features,spotify:track:4E3qImtJzRqLt8ZZyLceOE,0.542,76
21,0.035,https://api.spotify.com/v1/audio-analysis/6vN77lE9LK6HP2DewaN6HZ,0.964,142273,0.346,6vN77lE9LK6HP2DewaN6HZ,0.0,5,0.108,-9.309,0,0.53,119.958,4,https://api.spotify.com/v1/tracks/6vN77lE9LK6HP2DewaN6HZ,audio_features,spotify:track:6vN77lE9LK6HP2DewaN6HZ,0.562,91
22,0.0862,https://api.spotify.com/v1/audio-analysis/0At2qAoaVjIwWNAqrscXli,0.561,256064,0.779,0At2qAoaVjIwWNAqrscXli,0.0,10,0.078,-5.107,0,0.0531,81.965,4,https://api.spotify.com/v1/tracks/0At2qAoaVjIwWNAqrscXli,audio_features,spotify:track:0At2qAoaVjIwWNAqrscXli,0.235,85
23,0.0367,https://api.spotify.com/v1/audio-analysis/0Fpen1PTuEnCmOJtUU9Iud,0.85,343099,0.785,0Fpen1PTuEnCmOJtUU9Iud,0.0,8,0.155,-4.963,0,0.345,145.063,4,https://api.spotify.com/v1/tracks/0Fpen1PTuEnCmOJtUU9Iud,audio_features,spotify:track:0Fpen1PTuEnCmOJtUU9Iud,0.718,89
24,0.0945,https://api.spotify.com/v1/audio-analysis/1BxkZE73h9BN3qwuA15TA3,0.9,145603,0.653,1BxkZE73h9BN3qwuA15TA3,0.0,1,0.528,-6.962,0,0.289,112.503,4,https://api.spotify.com/v1/tracks/1BxkZE73h9BN3qwuA15TA3,audio_features,spotify:track:1BxkZE73h9BN3qwuA15TA3,0.399,88
25,0.00552,https://api.spotify.com/v1/audio-analysis/0ZNrc4kNeQYD9koZ3KvCsy,0.745,237240,0.346,0ZNrc4kNeQYD9koZ3KvCsy,0.0,1,0.0881,-7.709,1,0.331,203.911,4,https://api.spotify.com/v1/tracks/0ZNrc4kNeQYD9koZ3KvCsy,audio_features,spotify:track:0ZNrc4kNeQYD9koZ3KvCsy,0.112,88
26,0.555,https://api.spotify.com/v1/audio-analysis/0d2iYfpKoM0QCKvcLCkBao,0.56,173800,0.68,0d2iYfpKoM0QCKvcLCkBao,0.0,6,0.116,-7.648,0,0.321,89.391,4,https://api.spotify.com/v1/tracks/0d2iYfpKoM0QCKvcLCkBao,audio_features,spotify:track:0d2iYfpKoM0QCKvcLCkBao,0.319,98
27,0.0627,https://api.spotify.com/v1/audio-analysis/60SdxE8apGAxMiRrpbmLY0,0.876,244679,0.786,60SdxE8apGAxMiRrpbmLY0,0.0,10,0.127,-4.884,0,0.306,153.068,4,https://api.spotify.com/v1/tracks/60SdxE8apGAxMiRrpbmLY0,audio_features,spotify:track:60SdxE8apGAxMiRrpbmLY0,0.575,97
28,0.216,https://api.spotify.com/v1/audio-analysis/6NFyWDv5CjfwuzoCkw47Xf,0.75,232253,0.404,6NFyWDv5CjfwuzoCkw47Xf,0.000357,9,0.0911,-10.178,0,0.0682,95.045,4,https://api.spotify.com/v1/tracks/6NFyWDv5CjfwuzoCkw47Xf,audio_features,spotify:track:6NFyWDv5CjfwuzoCkw47Xf,0.0499,84
29,0.047,https://api.spotify.com/v1/audio-analysis/7iDa6hUg2VgEL1o1HjmfBn,0.643,163870,0.783,7iDa6hUg2VgEL1o1HjmfBn,0.0,10,0.083,-6.458,1,0.0856,154.084,4,https://api.spotify.com/v1/tracks/7iDa6hUg2VgEL1o1HjmfBn,audio_features,spotify:track:7iDa6hUg2VgEL1o1HjmfBn,0.579,87
30,0.268,https://api.spotify.com/v1/audio-analysis/3QybPutx0Tjk472bBKjNWn,0.738,180898,0.629,3QybPutx0Tjk472bBKjNWn,0.00114,6,0.163,-4.882,0,0.0495,146.067,4,https://api.spotify.com/v1/tracks/3QybPutx0Tjk472bBKjNWn,audio_features,spotify:track:3QybPutx0Tjk472bBKjNWn,0.319,91
31,0.04,https://api.spotify.com/v1/audio-analysis/2qT1uLXPVPzGgFOx4jtEuo,0.699,205920,0.713,2qT1uLXPVPzGgFOx4jtEuo,3.11e-06,9,0.294,-5.507,0,0.0594,121.993,4,https://api.spotify.com/v1/tracks/2qT1uLXPVPzGgFOx4jtEuo,audio_features,spotify:track:2qT1uLXPVPzGgFOx4jtEuo,0.354,92
32,0.258,https://api.spotify.com/v1/audio-analysis/3ee8Jmje8o58CHK66QrVC2,0.74,166606,0.613,3ee8Jmje8o58CHK66QrVC2,0.00372,8,0.123,-4.88,1,0.145,75.023,4,https://api.spotify.com/v1/tracks/3ee8Jmje8o58CHK66QrVC2,audio_features,spotify:track:3ee8Jmje8o58CHK66QrVC2,0.473,96
33,0.535,https://api.spotify.com/v1/audio-analysis/1wjzFQodRWrPcQ0AnYnvQ9,0.752,197437,0.505,1wjzFQodRWrPcQ0AnYnvQ9,2.55e-06,9,0.104,-7.621,1,0.253,91.97,4,https://api.spotify.com/v1/tracks/1wjzFQodRWrPcQ0AnYnvQ9,audio_features,spotify:track:1wjzFQodRWrPcQ0AnYnvQ9,0.419,87
34,0.58,https://api.spotify.com/v1/audio-analysis/3swc6WTsr7rl9DqQKQA55C,0.739,221440,0.559,3swc6WTsr7rl9DqQKQA55C,0.0,8,0.112,-8.011,1,0.117,140.124,4,https://api.spotify.com/v1/tracks/3swc6WTsr7rl9DqQKQA55C,audio_features,spotify:track:3swc6WTsr7rl9DqQKQA55C,0.439,91
35,0.00281,https://api.spotify.com/v1/audio-analysis/04ZTP5KsCypmtCmQg5tH9R,0.63,195519,0.694,04ZTP5KsCypmtCmQg5tH9R,0.0,11,0.0719,-6.257,0,0.0253,97.005,4,https://api.spotify.com/v1/tracks/04ZTP5KsCypmtCmQg5tH9R,audio_features,spotify:track:04ZTP5KsCypmtCmQg5tH9R,0.216,89
36,0.171,https://api.spotify.com/v1/audio-analysis/09IStsImFySgyp0pIQdqAc,0.753,184732,0.657,09IStsImFySgyp0pIQdqAc,0.0,7,0.112,-3.061,1,0.0449,107.01,4,https://api.spotify.com/v1/tracks/09IStsImFySgyp0pIQdqAc,audio_features,spotify:track:09IStsImFySgyp0pIQdqAc,0.437,90
37,0.00381,https://api.spotify.com/v1/audio-analysis/0QIjsbm2fh1cJ45XO9eGqq,0.8,204665,0.578,0QIjsbm2fh1cJ45XO9eGqq,0.0,4,0.359,-5.144,0,0.0485,143.01,4,https://api.spotify.com/v1/tracks/0QIjsbm2fh1cJ45XO9eGqq,audio_features,spotify:track:0QIjsbm2fh1cJ45XO9eGqq,0.367,90
38,0.0891,https://api.spotify.com/v1/audio-analysis/3CA9pLiwRIGtUBiMjbZmRw,0.586,210747,0.909,3CA9pLiwRIGtUBiMjbZmRw,0.000109,8,0.119,-6.474,1,0.0705,93.394,4,https://api.spotify.com/v1/tracks/3CA9pLiwRIGtUBiMjbZmRw,audio_features,spotify:track:3CA9pLiwRIGtUBiMjbZmRw,0.757,90
39,0.217,https://api.spotify.com/v1/audio-analysis/63TyoT9Ee03rQxv8xmdJ2l,0.895,286117,0.839,63TyoT9Ee03rQxv8xmdJ2l,3e-06,0,0.239,-4.512,1,0.227,149.951,4,https://api.spotify.com/v1/tracks/63TyoT9Ee03rQxv8xmdJ2l,audio_features,spotify:track:63TyoT9Ee03rQxv8xmdJ2l,0.756,85
40,0.121,https://api.spotify.com/v1/audio-analysis/5cGpjfgAvidLy6znwkCxkP,0.578,193243,0.577,5cGpjfgAvidLy6znwkCxkP,0.0,2,0.086,-5.997,0,0.202,99.288,5,https://api.spotify.com/v1/tracks/5cGpjfgAvidLy6znwkCxkP,audio_features,spotify:track:5cGpjfgAvidLy6znwkCxkP,0.154,83
41,0.0848,https://api.spotify.com/v1/audio-analysis/1co0puPTYvqAdUEjFOjne9,0.375,185200,0.889,1co0puPTYvqAdUEjFOjne9,0.0,3,0.136,-3.704,1,0.0991,199.669,4,https://api.spotify.com/v1/tracks/1co0puPTYvqAdUEjFOjne9,audio_features,spotify:track:1co0puPTYvqAdUEjFOjne9,0.881,81
42,0.346,https://api.spotify.com/v1/audio-analysis/4VUwkH455At9kENOfzTqmF,0.638,180000,0.717,4VUwkH455At9kENOfzTqmF,0.0,2,0.105,-4.722,1,0.0337,100.027,4,https://api.spotify.com/v1/tracks/4VUwkH455At9kENOfzTqmF,audio_features,spotify:track:4VUwkH455At9kENOfzTqmF,0.249,93
43,0.0292,https://api.spotify.com/v1/audio-analysis/7Il2yWQmsqKgSkLQvHTPUI,0.474,195987,0.594,7Il2yWQmsqKgSkLQvHTPUI,0.0,11,0.133,-5.756,1,0.0289,86.131,4,https://api.spotify.com/v1/tracks/7Il2yWQmsqKgSkLQvHTPUI,audio_features,spotify:track:7Il2yWQmsqKgSkLQvHTPUI,0.503,80
44,0.0332,https://api.spotify.com/v1/audio-analysis/6DCZcSspjsKoFjzjrWoCdn,0.754,198973,0.449,6DCZcSspjsKoFjzjrWoCdn,8.29e-05,7,0.552,-9.211,1,0.109,77.169,4,https://api.spotify.com/v1/tracks/6DCZcSspjsKoFjzjrWoCdn,audio_features,spotify:track:6DCZcSspjsKoFjzjrWoCdn,0.357,92
45,0.193,https://api.spotify.com/v1/audio-analysis/1rqqCSm0Qe4I9rUvWncaom,0.579,190947,0.904,1rqqCSm0Qe4I9rUvWncaom,0.0,5,0.064,-2.729,1,0.0618,82.014,4,https://api.spotify.com/v1/tracks/1rqqCSm0Qe4I9rUvWncaom,audio_features,spotify:track:1rqqCSm0Qe4I9rUvWncaom,0.681,91
46,0.0215,https://api.spotify.com/v1/audio-analysis/04MLEeAMuV9IlHEsD8vF6A,0.765,192172,0.704,04MLEeAMuV9IlHEsD8vF6A,0.0,5,0.227,-4.589,0,0.127,147.055,4,https://api.spotify.com/v1/tracks/04MLEeAMuV9IlHEsD8vF6A,audio_features,spotify:track:04MLEeAMuV9IlHEsD8vF6A,0.498,86
47,0.0292,https://api.spotify.com/v1/audio-analysis/698eQRku24PIYPQPHItKlA,0.533,183160,0.907,698eQRku24PIYPQPHItKlA,0.0,11,0.386,-3.793,1,0.0406,150.99,4,https://api.spotify.com/v1/tracks/698eQRku24PIYPQPHItKlA,audio_features,spotify:track:698eQRku24PIYPQPHItKlA,0.7,78
48,0.049,https://api.spotify.com/v1/audio-analysis/5DfWF0jqMgZDCiu9zJENTA,0.767,177140,0.543,5DfWF0jqMgZDCiu9zJENTA,0.0,1,0.115,-7.881,0,0.103,106.029,4,https://api.spotify.com/v1/tracks/5DfWF0jqMgZDCiu9zJENTA,audio_features,spotify:track:5DfWF0jqMgZDCiu9zJENTA,0.485,83
49,0.152,https://api.spotify.com/v1/audio-analysis/33471tzU1VghDg9zNgGRpz,0.758,166573,0.867,33471tzU1VghDg9zNgGRpz,0.0,11,0.308,-5.087,1,0.0475,102.018,4,https://api.spotify.com/v1/tracks/33471tzU1VghDg9zNgGRpz,audio_features,spotify:track:33471tzU1VghDg9zNgGRpz,0.964,75
50,0.493,https://api.spotify.com/v1/audio-analysis/0OgGn1ofaj55l2PcihQQGV,0.763,190472,0.572,0OgGn1ofaj55l2PcihQQGV,0.00118,11,0.106,-7.312,0,0.0595,151.93,4,https://api.spotify.com/v1/tracks/0OgGn1ofaj55l2PcihQQGV,audio_features,spotify:track:0OgGn1ofaj55l2PcihQQGV,0.25,87
51,0.0183,https://api.spotify.com/v1/audio-analysis/2oPCR02nduYVpj7CTfsA0d,0.455,212067,0.897,2oPCR02nduYVpj7CTfsA0d,0.0,9,0.174,-4.879,1,0.0403,160.139,4,https://api.spotify.com/v1/tracks/2oPCR02nduYVpj7CTfsA0d,audio_features,spotify:track:2oPCR02nduYVpj7CTfsA0d,0.728,76
52,0.669,https://api.spotify.com/v1/audio-analysis/72b0ANL1ZiV71OiZRs0Lny,0.494,274693,0.637,72b0ANL1ZiV71OiZRs0Lny,0.0,5,0.0882,-6.381,1,0.0333,147.924,4,https://api.spotify.com/v1/tracks/72b0ANL1ZiV71OiZRs0Lny,audio_features,spotify:track:72b0ANL1ZiV71OiZRs0Lny,0.1,78
53,0.374,https://api.spotify.com/v1/audio-analysis/4kWO6O1BUXcZmaxitpVUwp,0.747,215760,0.834,4kWO6O1BUXcZmaxitpVUwp,0.0,3,0.0586,-2.867,0,0.045,128.005,4,https://api.spotify.com/v1/tracks/4kWO6O1BUXcZmaxitpVUwp,audio_features,spotify:track:4kWO6O1BUXcZmaxitpVUwp,0.687,94
54,0.257,https://api.spotify.com/v1/audio-analysis/2374M0fQpWi3dLnB54qaLX,0.671,295893,0.373,2374M0fQpWi3dLnB54qaLX,7.95e-05,9,0.0481,-18.064,1,0.0323,92.717,4,https://api.spotify.com/v1/tracks/2374M0fQpWi3dLnB54qaLX,audio_features,spotify:track:2374M0fQpWi3dLnB54qaLX,0.732,85
55,0.09,https://api.spotify.com/v1/audio-analysis/17jeLyQcEUmKv3MXeEo79k,0.874,214160,0.727,17jeLyQcEUmKv3MXeEo79k,5.83e-06,8,0.0759,-7.689,1,0.0777,98.97,4,https://api.spotify.com/v1/tracks/17jeLyQcEUmKv3MXeEo79k,audio_features,spotify:track:17jeLyQcEUmKv3MXeEo79k,0.427,76
56,0.354,https://api.spotify.com/v1/audio-analysis/7dt6x5M1jzdTEt8oCbisTK,0.68,231267,0.563,7dt6x5M1jzdTEt8oCbisTK,0.0,10,0.136,-5.843,1,0.0454,145.028,4,https://api.spotify.com/v1/tracks/7dt6x5M1jzdTEt8oCbisTK,audio_features,spotify:track:7dt6x5M1jzdTEt8oCbisTK,0.374,95
57,0.0211,https://api.spotify.com/v1/audio-analysis/4OafepJy2teCjYJbvFE60J,0.568,198160,0.656,4OafepJy2teCjYJbvFE60J,1.37e-05,8,0.213,-5.413,1,0.0433,100.049,4,https://api.spotify.com/v1/tracks/4OafepJy2teCjYJbvFE60J,audio_features,spotify:track:4OafepJy2teCjYJbvFE60J,0.364,94
58,0.185,https://api.spotify.com/v1/audio-analysis/53yTYusPQJ1AApL1hi0Dnc,0.472,216093,0.884,53yTYusPQJ1AApL1hi0Dnc,0.0,9,0.178,-2.306,1,0.0584,159.96,4,https://api.spotify.com/v1/tracks/53yTYusPQJ1AApL1hi0Dnc,audio_features,spotify:track:53yTYusPQJ1AApL1hi0Dnc,0.718,77
59,0.456,https://api.spotify.com/v1/audio-analysis/7uVkYr8gxcPEgqohvynpdN,0.51,199436,0.386,7uVkYr8gxcPEgqohvynpdN,0.0,1,0.252,-8.391,1,0.0307,86.36,4,https://api.spotify.com/v1/tracks/7uVkYr8gxcPEgqohvynpdN,audio_features,spotify:track:7uVkYr8gxcPEgqohvynpdN,0.266,76
60,0.314,https://api.spotify.com/v1/audio-analysis/6qNALlmZa1ESnCxJmXE1K9,0.755,186080,0.769,6qNALlmZa1ESnCxJmXE1K9,2.38e-06,10,0.0628,-5.658,0,0.186,114.966,4,https://api.spotify.com/v1/tracks/6qNALlmZa1ESnCxJmXE1K9,audio_features,spotify:track:6qNALlmZa1ESnCxJmXE1K9,0.642,81
61,0.161,https://api.spotify.com/v1/audio-analysis/07FkzikE6FuHIa8Ma7zJGc,0.753,209213,0.66,07FkzikE6FuHIa8Ma7zJGc,0.0,5,0.236,-6.542,1,0.133,95.003,4,https://api.spotify.com/v1/tracks/07FkzikE6FuHIa8Ma7zJGc,audio_features,spotify:track:07FkzikE6FuHIa8Ma7zJGc,0.182,82
62,0.00261,https://api.spotify.com/v1/audio-analysis/6GBndDk0OEpDkmKoSBJyyK,0.549,178733,0.869,6GBndDk0OEpDkmKoSBJyyK,1.77e-06,4,0.29,-4.905,0,0.0289,91.988,4,https://api.spotify.com/v1/tracks/6GBndDk0OEpDkmKoSBJyyK,audio_features,spotify:track:6GBndDk0OEpDkmKoSBJyyK,0.433,78
63,0.0112,https://api.spotify.com/v1/audio-analysis/1N7YeVU0ZwAFbOhwM61ef6,0.578,220850,0.694,1N7YeVU0ZwAFbOhwM61ef6,0.0,5,0.102,-5.351,1,0.0706,129.921,4,https://api.spotify.com/v1/tracks/1N7YeVU0ZwAFbOhwM61ef6,audio_features,spotify:track:1N7YeVU0ZwAFbOhwM61ef6,0.268,80
64,0.182,https://api.spotify.com/v1/audio-analysis/33tNYw9oMtSkGe27NpgS64,0.79,169620,0.629,33tNYw9oMtSkGe27NpgS64,7.06e-06,8,0.338,-4.055,1,0.142,170.023,4,https://api.spotify.com/v1/tracks/33tNYw9oMtSkGe27NpgS64,audio_features,spotify:track:33tNYw9oMtSkGe27NpgS64,0.267,86
65,0.24,https://api.spotify.com/v1/audio-analysis/4lFfMRH0YH4pW5gczTDbNC,0.741,219136,0.37,4lFfMRH0YH4pW5gczTDbNC,0.0,8,0.118,-8.437,0,0.324,116.06,4,https://api.spotify.com/v1/tracks/4lFfMRH0YH4pW5gczTDbNC,audio_features,spotify:track:4lFfMRH0YH4pW5gczTDbNC,0.13,77
66,0.201,https://api.spotify.com/v1/audio-analysis/3N2AIfVOq6NiTcWHIP4Oco,0.386,213024,0.799,3N2AIfVOq6NiTcWHIP4Oco,0.0,2,0.103,-3.789,1,0.0555,86.333,4,https://api.spotify.com/v1/tracks/3N2AIfVOq6NiTcWHIP4Oco,audio_features,spotify:track:3N2AIfVOq6NiTcWHIP4Oco,0.391,78
67,0.0119,https://api.spotify.com/v1/audio-analysis/5N5k9nd479b1xpDZ4usjrg,0.781,213309,0.768,5N5k9nd479b1xpDZ4usjrg,4.91e-06,11,0.325,-5.991,1,0.0394,123.07,4,https://api.spotify.com/v1/tracks/5N5k9nd479b1xpDZ4usjrg,audio_features,spotify:track:5N5k9nd479b1xpDZ4usjrg,0.486,97
68,0.0288,https://api.spotify.com/v1/audio-analysis/5c0Vl3yklw5WX9YI36dPLd,0.803,219552,0.648,5c0Vl3yklw5WX9YI36dPLd,0.0,4,0.0904,-9.185,0,0.198,131.925,4,https://api.spotify.com/v1/tracks/5c0Vl3yklw5WX9YI36dPLd,audio_features,spotify:track:5c0Vl3yklw5WX9YI36dPLd,0.538,72
69,0.313,https://api.spotify.com/v1/audio-analysis/6Poyf51k7W3NKnsGwAI90B,0.855,279867,0.787,6Poyf51k7W3NKnsGwAI90B,0.0,8,0.194,-4.134,0,0.334,88.003,4,https://api.spotify.com/v1/tracks/6Poyf51k7W3NKnsGwAI90B,audio_features,spotify:track:6Poyf51k7W3NKnsGwAI90B,0.702,83
70,0.0085,https://api.spotify.com/v1/audio-analysis/5a8RPWgKSmcGBGcffmIrUi,0.691,187027,0.716,5a8RPWgKSmcGBGcffmIrUi,9.06e-06,7,0.263,-5.985,1,0.0351,112.035,4,https://api.spotify.com/v1/tracks/5a8RPWgKSmcGBGcffmIrUi,audio_features,spotify:track:5a8RPWgKSmcGBGcffmIrUi,0.507,92
71,0.0769,https://api.spotify.com/v1/audio-analysis/0XySogm94T51XF5F2jumXm,0.671,165820,0.529,0XySogm94T51XF5F2jumXm,0.000335,0,0.0856,-7.226,1,0.307,161.989,4,https://api.spotify.com/v1/tracks/0XySogm94T51XF5F2jumXm,audio_features,spotify:track:0XySogm94T51XF5F2jumXm,0.203,89
72,0.227,https://api.spotify.com/v1/audio-analysis/58QhkbaAkLFnn7JwAnAato,0.83,262494,0.546,58QhkbaAkLFnn7JwAnAato,0.0,1,0.112,-5.716,1,0.295,182.973,4,https://api.spotify.com/v1/tracks/58QhkbaAkLFnn7JwAnAato,audio_features,spotify:track:58QhkbaAkLFnn7JwAnAato,0.535,91
73,0.0558,https://api.spotify.com/v1/audio-analysis/15kQGEy89K8deJcZVFEn0N,0.575,197947,0.571,15kQGEy89K8deJcZVFEn0N,0.0,1,0.0912,-7.906,1,0.0439,105.049,4,https://api.spotify.com/v1/tracks/15kQGEy89K8deJcZVFEn0N,audio_features,spotify:track:15kQGEy89K8deJcZVFEn0N,0.449,85
74,0.808,https://api.spotify.com/v1/audio-analysis/1RMJOxR6GRPsBHL8qeC2ux,0.524,209831,0.364,1RMJOxR6GRPsBHL8qeC2ux,0.0,7,0.1,-10.209,1,0.0367,75.24,4,https://api.spotify.com/v1/tracks/1RMJOxR6GRPsBHL8qeC2ux,audio_features,spotify:track:1RMJOxR6GRPsBHL8qeC2ux,0.436,82
75,0.00552,https://api.spotify.com/v1/audio-analysis/0ZNrc4kNeQYD9koZ3KvCsy,0.745,237240,0.346,0ZNrc4kNeQYD9koZ3KvCsy,0.0,1,0.0881,-7.709,1,0.331,203.911,4,https://api.spotify.com/v1/tracks/0ZNrc4kNeQYD9koZ3KvCsy,audio_features,spotify:track:0ZNrc4kNeQYD9koZ3KvCsy,0.112,88
76,0.328,https://api.spotify.com/v1/audio-analysis/7q7jyVU0f0hnod8tsaUmxg,0.631,212745,0.44,7q7jyVU0f0hnod8tsaUmxg,0.0,1,0.239,-5.948,1,0.028,136.033,4,https://api.spotify.com/v1/tracks/7q7jyVU0f0hnod8tsaUmxg,audio_features,spotify:track:7q7jyVU0f0hnod8tsaUmxg,0.418,78
77,0.105,https://api.spotify.com/v1/audio-analysis/4Vxu50qVrQcycjRyJQaZLC,0.687,190227,0.842,4Vxu50qVrQcycjRyJQaZLC,0.0,7,0.0436,-4.382,1,0.058,87.968,4,https://api.spotify.com/v1/tracks/4Vxu50qVrQcycjRyJQaZLC,audio_features,spotify:track:4Vxu50qVrQcycjRyJQaZLC,0.778,77
78,0.0362,https://api.spotify.com/v1/audio-analysis/3DV49ruvI5Sl6iisPZAc2c,0.597,149293,0.721,3DV49ruvI5Sl6iisPZAc2c,0.0,9,0.0832,-6.422,1,0.0356,132.054,4,https://api.spotify.com/v1/tracks/3DV49ruvI5Sl6iisPZAc2c,audio_features,spotify:track:3DV49ruvI5Sl6iisPZAc2c,0.437,74
79,0.294,https://api.spotify.com/v1/audio-analysis/2dwoqUYTy6SOy1dFqcTndC,0.552,202067,0.698,2dwoqUYTy6SOy1dFqcTndC,0.000103,8,0.0905,-4.817,1,0.0306,90.006,4,https://api.spotify.com/v1/tracks/2dwoqUYTy6SOy1dFqcTndC,audio_features,spotify:track:2dwoqUYTy6SOy1dFqcTndC,0.6,76
80,0.107,https://api.spotify.com/v1/audio-analysis/14mHfNsSHN0FbLftyjrV9g,0.792,195637,0.743,14mHfNsSHN0FbLftyjrV9g,0.0,7,0.183,-2.806,1,0.0851,150.024,4,https://api.spotify.com/v1/tracks/14mHfNsSHN0FbLftyjrV9g,audio_features,spotify:track:14mHfNsSHN0FbLftyjrV9g,0.742,85
81,0.794,https://api.spotify.com/v1/audio-analysis/1kFBLqkTuNKlspkJ1EOGjN,0.485,207267,0.306,1kFBLqkTuNKlspkJ1EOGjN,0.0,0,0.122,-8.431,1,0.0409,203.729,4,https://api.spotify.com/v1/tracks/1kFBLqkTuNKlspkJ1EOGjN,audio_features,spotify:track:1kFBLqkTuNKlspkJ1EOGjN,0.224,70
82,0.462,https://api.spotify.com/v1/audio-analysis/7d6XJZjnm7iWcKwYL9z5kC,0.699,165000,0.558,7d6XJZjnm7iWcKwYL9z5kC,0.0,11,0.116,-7.622,1,0.0603,79.992,4,https://api.spotify.com/v1/tracks/7d6XJZjnm7iWcKwYL9z5kC,audio_features,spotify:track:7d6XJZjnm7iWcKwYL9z5kC,0.493,89
83,0.283,https://api.spotify.com/v1/audio-analysis/7lAK3oHbfEnvUQWosrMMpR,0.785,150043,0.554,7lAK3oHbfEnvUQWosrMMpR,3.4e-06,0,0.116,-6.571,1,0.0409,128.047,4,https://api.spotify.com/v1/tracks/7lAK3oHbfEnvUQWosrMMpR,audio_features,spotify:track:7lAK3oHbfEnvUQWosrMMpR,0.144,88
84,0.0651,https://api.spotify.com/v1/audio-analysis/6CyJlVAEFlNdpggOLanytL,0.434,185440,0.831,6CyJlVAEFlNdpggOLanytL,0.0,8,0.119,-4.774,1,0.0453,156.034,4,https://api.spotify.com/v1/tracks/6CyJlVAEFlNdpggOLanytL,audio_features,spotify:track:6CyJlVAEFlNdpggOLanytL,0.596,76
85,0.75,https://api.spotify.com/v1/audio-analysis/2ZYbPXhx4OCmdTsMThbSEW,0.629,195053,0.464,2ZYbPXhx4OCmdTsMThbSEW,0.0,4,0.0853,-8.72,1,0.0334,156.051,4,https://api.spotify.com/v1/tracks/2ZYbPXhx4OCmdTsMThbSEW,audio_features,spotify:track:2ZYbPXhx4OCmdTsMThbSEW,0.523,75
86,0.00947,https://api.spotify.com/v1/audio-analysis/7wBJfHzpfI3032CSD7CE2m,0.487,270715,0.789,7wBJfHzpfI3032CSD7CE2m,4.05e-06,8,0.189,-3.69,1,0.044,150.007,4,https://api.spotify.com/v1/tracks/7wBJfHzpfI3032CSD7CE2m,audio_features,spotify:track:7wBJfHzpfI3032CSD7CE2m,0.0564,92
87,0.172,https://api.spotify.com/v1/audio-analysis/7ATATJztoWLcqDAcVVof0C,0.635,217822,0.902,7ATATJztoWLcqDAcVVof0C,0.0,0,0.125,-3.559,1,0.109,102.063,4,https://api.spotify.com/v1/tracks/7ATATJztoWLcqDAcVVof0C,audio_features,spotify:track:7ATATJztoWLcqDAcVVof0C,0.286,94
88,0.0414,https://api.spotify.com/v1/audio-analysis/29tc0GbW0pTSBZSCZF3NWk,0.665,175755,0.651,29tc0GbW0pTSBZSCZF3NWk,0.0,1,0.0896,-5.515,1,0.156,163.935,4,https://api.spotify.com/v1/tracks/29tc0GbW0pTSBZSCZF3NWk,audio_features,spotify:track:29tc0GbW0pTSBZSCZF3NWk,0.237,89
89,0.367,https://api.spotify.com/v1/audio-analysis/5bJ1DrEM4hNCafcDd1oxHx,0.52,345133,0.538,5bJ1DrEM4hNCafcDd1oxHx,0.00187,1,0.119,-8.109,1,0.206,141.894,4,https://api.spotify.com/v1/tracks/5bJ1DrEM4hNCafcDd1oxHx,audio_features,spotify:track:5bJ1DrEM4hNCafcDd1oxHx,0.177,88
90,0.183,https://api.spotify.com/v1/audio-analysis/6Hgh47WXVKtXN5zGOu0hjI,0.652,263014,0.678,6Hgh47WXVKtXN5zGOu0hjI,3.26e-05,2,0.106,-6.183,1,0.0541,72.989,4,https://api.spotify.com/v1/tracks/6Hgh47WXVKtXN5zGOu0hjI,audio_features,spotify:track:6Hgh47WXVKtXN5zGOu0hjI,0.28,87
91,0.0886,https://api.spotify.com/v1/audio-analysis/0PpfPNtQOOvbMNVJijTQj0,0.796,190466,0.68,0PpfPNtQOOvbMNVJijTQj0,0.0,10,0.268,-4.853,0,0.353,164.932,4,https://api.spotify.com/v1/tracks/0PpfPNtQOOvbMNVJijTQj0,audio_features,spotify:track:0PpfPNtQOOvbMNVJijTQj0,0.565,75
92,0.193,https://api.spotify.com/v1/audio-analysis/5sIx4BlfYGuZeSLF40N9GH,0.685,217287,0.508,5sIx4BlfYGuZeSLF40N9GH,0.0,0,0.139,-6.4,1,0.0987,99.063,4,https://api.spotify.com/v1/tracks/5sIx4BlfYGuZeSLF40N9GH,audio_features,spotify:track:5sIx4BlfYGuZeSLF40N9GH,0.315,84
93,0.0716,https://api.spotify.com/v1/audio-analysis/2VX37A1p7tkvrH2UJwAU0T,0.711,208733,0.796,2VX37A1p7tkvrH2UJwAU0T,0.0045,10,0.262,-5.87,1,0.0341,109.991,4,https://api.spotify.com/v1/tracks/2VX37A1p7tkvrH2UJwAU0T,audio_features,spotify:track:2VX37A1p7tkvrH2UJwAU0T,0.901,74
94,0.0311,https://api.spotify.com/v1/audio-analysis/2jt2WxXMCD4zjACthkJQVE,0.939,337941,0.551,2jt2WxXMCD4zjACthkJQVE,0.0,1,0.192,-9.126,1,0.291,118.552,4,https://api.spotify.com/v1/tracks/2jt2WxXMCD4zjACthkJQVE,audio_features,spotify:track:2jt2WxXMCD4zjACthkJQVE,0.42,92
95,0.186,https://api.spotify.com/v1/audio-analysis/2VdT56BGpdqNHUgOe1j5vc,0.601,206453,0.59,2VdT56BGpdqNHUgOe1j5vc,0.0,2,0.0942,-5.001,1,0.0569,151.952,4,https://api.spotify.com/v1/tracks/2VdT56BGpdqNHUgOe1j5vc,audio_features,spotify:track:2VdT56BGpdqNHUgOe1j5vc,0.274,82
96,0.016,https://api.spotify.com/v1/audio-analysis/0B08s1tLWCXoFmGP0vIubM,0.698,264853,0.783,0B08s1tLWCXoFmGP0vIubM,0.0,2,0.176,-6.503,1,0.266,160.034,4,https://api.spotify.com/v1/tracks/0B08s1tLWCXoFmGP0vIubM,audio_features,spotify:track:0B08s1tLWCXoFmGP0vIubM,0.378,53
97,0.307,https://api.spotify.com/v1/audio-analysis/7IBSffWIu7P2MC7kMwy2FM,0.877,226743,0.477,7IBSffWIu7P2MC7kMwy2FM,0.0,9,0.0929,-7.379,0,0.0587,127.023,4,https://api.spotify.com/v1/tracks/7IBSffWIu7P2MC7kMwy2FM,audio_features,spotify:track:7IBSffWIu7P2MC7kMwy2FM,0.552,84
98,0.0441,https://api.spotify.com/v1/audio-analysis/6kPJZM97LwdG9QIsT7khp6,0.737,222653,0.636,6kPJZM97LwdG9QIsT7khp6,6.66e-05,11,0.35,-4.546,0,0.0437,105.005,4,https://api.spotify.com/v1/tracks/6kPJZM97LwdG9QIsT7khp6,audio_features,spotify:track:6kPJZM97LwdG9QIsT7khp6,0.565,95
99,0.315,https://api.spotify.com/v1/audio-analysis/1s2B5cndbqK8rPJEIcKJRQ,0.754,176133,0.805,1s2B5cndbqK8rPJEIcKJRQ,0.0,6,0.203,-4.249,1,0.0752,93.983,4,https://api.spotify.com/v1/tracks/1s2B5cndbqK8rPJEIcKJRQ,audio_features,spotify:track:1s2B5cndbqK8rPJEIcKJRQ,0.555,93
